	id	name
0	trm_4a3fd79d0b779	graphemic buffer
1	trm_4a3fd79d09a55	auditory feedback
2	trm_56798c5f25b0c	context representation
3	trm_4d7fc763cf777	metacomprehension
4	trm_4a3fd79d0a781	language learning
5	trm_4a3fd79d09ece	convergent thinking
6	trm_557b493e4203a	positive feedback processing
7	trm_4a3fd79d0a419	goal
8	trm_4a3fd79d0b671	emotional bonding
9	trm_4a3fd79d0a9ad	motor program
10	trm_4a3fd79d0a15c	effortful processing
11	trm_4a3fd79d0a6b9	intermediate term memory
12	trm_568427366401c	sentence recognition 
13	trm_4a3fd79d0a25e	expertise
14	trm_4a3fd79d0b020	salience
15	trm_4a3fd79d0a072	deductive reasoning
16	trm_4a3fd79d0b0a6	sequence learning
17	trm_4a3fd79d0ba01	memory retrieval
18	trm_4a3fd79d0a80f	logic
19	trm_52405e33adafa	paranoia
20	trm_4a3fd79d0a891	memory
21	trm_4e31d365bc7e2	unisensory
22	trm_4a3fd79d0a920	metacognition
23	trm_4a3fd79d0b67d	empathy
24	trm_4a3fd79d09d58	cognitive heuristic
25	trm_557b476527a27	auditory tone discrimination
26	trm_4a3fd79d0a095	depth cue
27	trm_4a3fd79d0b607	set shifting
28	trm_4a3fd79d0a151	effort
29	trm_4fea25630ffb5	motion aftereffect
30	trm_557b493133416	place maintenance
31	trm_4a3fd79d0a9a1	motor planning
32	trm_4a3fd79d0b47b	visual buffer
33	trm_4a3fd79d0afda	route knowledge
34	trm_4a3fd79d0a0e7	dispositions
35	trm_4a3fd79d09e13	conflict detection
36	trm_4a3fd79d0a78d	language production
37	trm_4a3fd79d09919	attentional effort
38	trm_4a3fd79d0a803	listening
39	trm_4a3fd79d0a556	incidental learning
40	trm_4a3fd79d09764	adaptive control
41	trm_557b4b56de455	visual object detection
42	trm_4a3fd79d0af94	retrieval
43	trm_4a3fd79d0a375	fluid intelligence
44	trm_500d8839c2877	cone of confusion
45	trm_4a3fd79d09c28	categorization
46	trm_4a3fd79d0ba0d	active maintenance
47	trm_4fafd1626bf2b	addiction
48	trm_4feb44e5ae25b	unconscious perception
49	trm_4a3fd79d09ad5	auditory sentence comprehension
50	trm_4a3fd79d0a07e	deep processing
51	trm_4a3fd79d09f07	coordination
52	trm_4a3fd79d0a323	false memory
53	trm_4d7fa1ee2f870	phonemic paraphasia
54	trm_4c3e04d656f06	interference resolution
55	trm_4a3fd79d0aa76	object detection
56	trm_4a3fd79d0aeb6	reading
57	trm_4a3fd79d0b357	syntax
58	trm_5021684cba96c	domain specificity
59	trm_4a3fd79d0ab70	pavlovian conditioning
60	trm_525d8e198e0da	sensitivity to change
61	trm_4a3fd79d0b18f	source memory
62	trm_4a3fd79d0aaa4	object perception
63	trm_4a3fd79d09f7c	cue validity
64	trm_502abeab4e1d8	multistable perception
65	trm_4a3fd79d098c9	association learning
66	trm_55b6b9d7c9435	working memory maintenance
67	trm_5029515e29f7f	blindsight
68	trm_4a3fd79d0ae70	prospective memory
69	trm_4a3fd79d0ac7a	phonological code
70	trm_4a3fd79d0abaa	perceptual identification
71	trm_4a3fd79d0b6e9	discourse planning
72	trm_4a3fd79d0ab88	perceptual binding
73	trm_523c7c13bc55f	hyperactivity
74	trm_50297454e516b	transduction
75	trm_4a3fd79d0a3d2	gaze
76	trm_4a3fd79d0afa0	retrieval cue
77	trm_4a3fd79d0b8aa	sentence production
78	trm_4a3fd79d0ab7c	perception
79	trm_558c7ae1eaf86	arithmetic processing
80	trm_4a3fd79d0a32f	feature extraction
81	trm_55ce71c47f37b	risk aversion
82	trm_5521a45a397a6	Repetition priming
83	trm_4a3fd79d0ad1d	pragmatic knowledge
84	trm_4a3fd79d0ade8	procedural rule
85	trm_4a3fd79d0b507	visuospatial sketch pad
86	trm_557b4ab076338	semantic categorization
87	trm_4a3fd79d0a775	language comprehension
88	trm_559f0a5b4cd36	monetary reward prediction error
89	trm_4a3fd79d0adb7	problem solving
90	trm_4a3fd79d0b1d5	spatial memory
91	trm_50f3c0af04e37	life satisfaction
92	trm_5595bd2b92003	facial happiness recognition
93	trm_52583d9f2ad98	guilt
94	trm_523e034f9e69a	defiance
95	trm_4a3fd79d0aeef	repressed memory
96	trm_4a3fd79d0a08a	deep structure
97	trm_4a3fd79d0b9dd	figure ground segregation
98	trm_502954662d63e	feature integration
99	trm_4a3fd79d0ae7b	prospective planning
100	trm_4ff1fc04e22e8	autonoesis
101	trm_4a3fd79d0b98a	acuity
102	trm_4a3fd79d097ed	analogical encoding
103	trm_4a3fd79d0a7f8	linguistic competence
104	trm_4a3fd79d0a56e	indignation
105	trm_4a3fd79d0981b	analogical transfer
106	trm_4a3fd79d09a10	auditory attention
107	trm_5519b7525d7a2	discrimination
108	trm_4a3fd79d0ae17	pronunciation
109	trm_4a3fd79d0a746	knowledge
110	trm_4a3fd79d0a637	instinct
111	trm_56798223b43b8	decision uncertainty
112	trm_4a3fd79d0b862	phonetics
113	trm_4a3fd79d0b29c	strategy
114	trm_52090251db8c8	social motivation
115	trm_4fb2c38960950	optical illusion
116	trm_4a3fd79d0a02c	deception
117	trm_4a3fd79d0b0bd	serial processing
118	trm_4a3fd79d0a18b	emotional decision making
119	trm_4a3fd79d0af5a	resource sharing
120	trm_4a3fd79d0986c	apperception
121	trm_4a3fd79d09c69	central attention
122	trm_4a3fd79d09b04	auditory working memory
123	trm_558c73f3c8c6f	visual pseudoword recognition
124	trm_4a3fd79d0a6e8	intrinsic motivation
125	trm_4a3fd79d0ac4a	phonation
126	trm_4d7fa2df05f23	neologism
127	trm_5159c0a633cda	understanding mental states
128	trm_4a3fd79d097e2	analog representation
129	trm_4a3fd79d0a116	divided attention
130	trm_4a3fd79d09e58	constancy
131	trm_4a3fd79d09810	analogical reasoning
132	trm_4a3fd79d0a448	goal state
133	trm_5521a663cd89c	Response priming
134	trm_4a3fd79d0a562	incubation
135	trm_4a3fd79d0ba77	working memory storage
136	trm_4a3fd79d0a021	decay of activation
137	trm_4a3fd79d0b0eb	shame
138	trm_558c7439832d9	visual letter recognition
139	trm_558c736199abd	subjective value judgment
140	trm_55ef687f48a9d	auditory recognition
141	trm_4a3fd79d0a590	inductive reasoning
142	trm_51838baad343e	semantic network
143	trm_4e5faabfe8ce3	sense of body ownership
144	trm_4a3fd79d0b13d	social cognition
145	trm_4a3fd79d09a61	auditory grouping
146	trm_4a3fd79d0a4c9	hill climbing
147	trm_4a3fd79d0a73a	kinesthesia
148	trm_4a3fd79d09dcd	conceptual category
149	trm_4a3fd79d09883	arousal
150	trm_4a3fd79d0b412	utility
151	trm_4a3fd79d0b914	memory acquisition
152	trm_4a3fd79d09925	attentional resources
153	trm_4a3fd79d0a168	egocentric
154	trm_4a3fd79d0b26d	spreading activation
155	trm_4a3fd79d0a9b9	motor sequence learning
156	trm_4a3fd79d0b5fb	attention shifting
157	trm_4a3fd79d0adab	proactive interference
158	trm_4a3fd79d096f0	abstract knowledge
159	trm_4a3fd79d0b3fa	uncertainty
160	trm_4a3fd79d0b148	social context
161	trm_557b48aeb7d58	motion detection
162	trm_4a3fd79d0af66	response inhibition
163	trm_4a3fd79d09ca3	chunk
164	trm_502403240a2a2	reinstatement
165	trm_4a3fd79d0b37a	text comprehension
166	trm_4a3fd79d0a1d1	emotional suppression
167	trm_4a3fd79d0b943	memory trace
168	trm_4a3fd79d09bbf	binocular vision
169	trm_4d7fa1a3e2a10	paraphasia
170	trm_4a3fd79d0a36a	fixed action patterns
171	trm_557b49206928b	pattern maintenance
172	trm_4e5505361f160	body representation
173	trm_4b65259eeee34	pain
174	trm_4a3fd79d0b386	text processing
175	trm_4a3fd79d0988f	articulation
176	trm_5159c8a5d3d13	offensive (proactive) aggression
177	trm_4a3fd79d09e2a	connotation
178	trm_4a3fd79d0a20c	error detection
179	trm_555cfb890d721	relational comparison
180	trm_4a3fd79d09c80	chemonociception
181	trm_4a3fd79d0ae00	processing stage
182	trm_4a3fd79d09bb3	binocular disparity
183	trm_4a3fd79d0b311	sustained attention
184	trm_4a3fd79d0b05e	self monitoring
185	trm_4a3fd79d0b94f	metamemory
186	trm_4a3fd79d0a398	form perception
187	trm_55b6b9a666604	working memory updating
188	trm_4a3fd79d0a3a4	functional fixedness
189	trm_51a6905a3f021	cognitive training
190	trm_4a3fd79d09f36	creative problem solving
191	trm_4a3fd79d09cae	chunking
192	trm_4a3fd79d0b487	visual imagery
193	trm_4a3fd79d0b5a7	working memory
194	trm_4a3fd79d0a6ad	interference
195	trm_4a3fd79d0afcf	risk
196	trm_4a3fd79d0b44c	verbal fluency
197	trm_557b4b27dfd5e	visual form discrimination
198	trm_559f09a5cdca9	subjective food value
199	trm_55e1b08e5b06c	Dyslexia
200	trm_4a3fd79d0b76e	grapheme
201	trm_4a3fd79d0a666	intelligence
202	trm_4a3fd79d0ba3c	manipulation
203	trm_4a3fd79d0a49a	habit memory
204	trm_4c3e0646a2408	task set
205	trm_4a3fd79d0a943	misattribution
206	trm_5519b5f181edd	goal selection
207	trm_4a3fd79d0b548	word comprehension
208	trm_4e61264db33d4	pain sensitization 
209	trm_4a3fd79d09dfc	conceptualization
210	trm_4a3fd79d0a70b	irony
211	trm_4a3fd79d0afc3	rhythm
212	trm_4a3fd79d0a7bb	learning
213	trm_5159c70d0e98e	sleep
214	trm_529d0d62290de	loneliness
215	trm_5022ef7599294	anxiety
216	trm_4a3fd79d0b689	fear
217	trm_4a3fd79d0aad4	orthographic lexicon
218	trm_4a3fd79d0b636	framing
219	trm_4a3fd79d0ac9e	phonological working memory
220	trm_4a3fd79d0a6a1	intentionality
221	trm_4a3fd79d0a402	gestalt
222	trm_557b4abe521af	spatial selective attention
223	trm_4a3fd79d09df0	conceptual skill
224	trm_50070dce14554	impulsivity
225	trm_4a3fd79d0a700	involuntary attention
226	trm_4a3fd79d0a066	deductive inference
227	trm_4a3fd79d09827	analogy
228	trm_4fea18ec76bc9	feature search
229	trm_558c7b14c076e	auditory sentence recognition
230	trm_502c139d5ed78	crowding
231	trm_557b4817db34d	economic value processing
232	trm_4a3fd79d0a94f	monitoring
233	trm_4a3fd79d0a886	melody
234	trm_4fea238758d33	change blindness
235	trm_4a3fd79d0b613	task switching
236	trm_4a3fd79d09c34	category based induction
237	trm_4a3fd79d0aecd	regret
238	trm_4a3fd79d096fc	acoustic coding
239	trm_4ff36d79c26c6	visual awareness
240	trm_4a3fd79d0a51c	implicit knowledge
241	trm_4a3fd79d09d41	cognitive dissonance
242	trm_4a3fd79d0b4a9	visual object recognition
243	trm_4a3fd79d0b908	forgetting
244	trm_4a3fd79d09e64	constituent structure
245	trm_55b6b952c1b4c	right toe response execution
246	trm_5678a999f1c19	numerical comparison
247	trm_557b4b47d994a	visual number recognition
248	trm_4a3fd79d0a33b	feedback processing
249	trm_4a3fd79d09f87	cueing
250	trm_5595bd6c61d78	facial age recognition
251	trm_4a3fd79d09855	apparent motion
252	trm_4a3fd79d0a4f9	iconic memory
253	trm_4e31e6dca01ca	synchrony perception
254	trm_4a3fd79d0a833	long term memory
255	trm_4a3fd79d09770	affect perception
256	trm_557b4b9ccdc4a	visual word recognition
257	trm_4a3fd79d0aab0	object recognition
258	trm_557b499fac085	resistance to distractor inference
259	trm_4a3fd79d0a3ea	generalization
260	trm_4feb3ffa1ab51	covert attention
261	trm_4c3e05903e4bb	updating
262	trm_4a3fd79d0a8fc	mental imagery
263	trm_4a3fd79d09b33	availability heuristic
264	trm_4a3fd79d0a5ed	inference
265	trm_523f5f918cb2c	openness
266	trm_4a3fd79d09e6f	context
267	trm_4a3fd79d0a53f	imprinting
268	trm_4a3fd79d0a0dc	diphthong
269	trm_4a3fd79d0b6f5	discourse processing
270	trm_4a3fd79d096be	abductive reasoning
271	trm_557b482a7c62b	emotional face recognition
272	trm_502ab8dd991bf	border ownership
273	trm_4a3fd79d0aa47	novelty detection
274	trm_4a3fd79d0aec1	reasoning
275	trm_4a3fd79d0b61f	decision
276	trm_557b4aa070c10	selective control
277	trm_4a3fd79d09c3f	category learning
278	trm_4a3fd79d0a12d	dream
279	trm_4a3fd79d0ab65	pattern recognition
280	trm_4a3fd79d09d4d	cognitive effort
281	trm_4a3fd79d0b9e9	gustation processing
282	trm_5679b0e9d8c20	emotional enhancement
283	trm_4a3fd79d0acc1	planning
284	trm_4a3fd79d0ad64	prejudice
285	trm_4a3fd79d09b3f	aversive learning
286	trm_4a3fd79d0a83f	loss aversion
287	trm_4a3fd79d0b832	morphological processing
288	trm_4a3fd79d0977b	affect recognition
289	trm_4d2201d530697	semantic information
290	trm_4a3fd79d0aabc	olfaction
291	trm_4a3fd79d09bf9	case based reasoning
292	trm_557b48d40d3cf	negative emotion
293	trm_4a3fd79d0b95b	recall
294	trm_557b49851e991	proactive control
295	trm_523c7c886b614	Inappropriate speech
296	trm_557b4a81a4a17	reward anticipation
297	trm_557b4a7315f1b	response execution
298	trm_52405de6b7a63	psychosis
299	trm_4a3fd79d0b5e3	attention span
300	trm_4e31d3ba7d25b	multisensory
301	trm_558c7b337080f	right hand response execution
302	trm_4fea04a02ce37	binocular depth cue
303	trm_4a3fd79d0b530	wisdom
304	trm_4a3fd79d0b340	syntactic parsing
305	trm_50eb5469ba37a	Strength
306	trm_5521a0512df9a	localization
307	trm_4a3fd79d0ac87	phonological encoding
308	trm_4fa3afaeef512	delusion
309	trm_55b6b8b8e7870	tone recognition
310	trm_4a3fd79d0b8d9	elaborative rehearsal
311	trm_4a3fd79d0a908	mental representation
312	trm_4a3fd79d0a62b	insight
313	trm_4a3fd79d09f64	crystallized intelligence
314	trm_4a3fd79d0b08f	semantic working memory
315	trm_4a3fd79d0ac93	phonological retrieval
316	trm_4a3fd79d0addc	procedural memory
317	trm_4a3fd79d0b5ef	attentional focusing
318	trm_5595bda0c5dc3	facial trustworthiness recognition
319	trm_4ebfe9a465449	expectancy
320	trm_4f33e65d0daac	embodied cognition
321	trm_4fb3f4d58aeb0	Gestalt grouping
322	trm_4a3fd79d0b406	unconscious process
323	trm_4a3fd79d0a695	intentional learning
324	trm_500d8bcf5f29a	visual acuity
325	trm_4a3fd79d0b014	sadness
326	trm_557b48e337218	negative feedback processing
327	trm_55b6b92c1fd76	left finger response execution
328	trm_4a3fd79d0a995	motor learning
329	trm_4ffdc96dc85b7	noesis
330	trm_4feb3f8c551cb	overt attention
331	trm_4a3fd79d0a1ae	emotional memory
332	trm_4a3fd79d09db6	concept
333	trm_4a3fd79d0b083	semantic memory
334	trm_4d920c905d465	conceptual metaphor
335	trm_4a3fd79d0b34b	syntactic processing
336	trm_5159cb12a0f92	reward learning
337	trm_5154b39a3193d	self knowledge
338	trm_500d8c8fcc520	visual angle
339	trm_5154b2f947fe9	agency
340	trm_4b82c75498408	central coherence
341	trm_5021873f37abc	global precedence
342	trm_4a3fd79d09c74	centration
343	trm_4a3fd79d0a8ed	mental arithmetic
344	trm_557b4855a12b4	emotional self-evaluation
345	trm_5519bb7767d98	spatial localization
346	trm_4a3fd79d0a477	gustatory perception
347	trm_4a3fd79d0a17f	emotion
348	trm_5595be14a57c5	social inference
349	trm_4a3fd79d0a579	induction
350	trm_557b48a224b95	loss anticipation
351	trm_525d8b8908809	eating
352	trm_4a3fd79d097f9	analogical inference
353	trm_4a3fd79d0b9ad	feature detection
354	trm_5159c885a7314	defensive aggression
355	trm_523e00f356226	conduct disorder
356	trm_5595bd89d77c6	facial attractiveness recognition
357	trm_4a3fd79d0ba60	rehearsal loop
358	trm_4a3fd79d0b0c8	serial search
359	trm_5595bde6b2e95	facial recognition
360	trm_558c73b3663a6	phonological comparison
361	trm_4a3fd79d09ae1	auditory stream segregation
362	trm_4a3fd79d09a78	auditory learning
363	trm_4a3fd79d0a28c	extrinsic motivation
364	trm_4a3fd79d0974d	activation level
365	trm_4a3fd79d0a4b2	hedonism
366	trm_557b494ca540d	potential monetary loss
367	trm_4a3fd79d09eda	conversation
368	trm_557b47abe9a34	decision certainty
369	trm_558c7b5228ed4	visual sentence recognition
370	trm_4a3fd79d0aee4	remote memory
371	trm_4a3fd79d0a9c4	movement
372	trm_4a3fd79d0a6dc	intonation
373	trm_4a3fd79d0a862	mathematical reasoning
374	trm_4a3fd79d0a275	explicit learning
375	trm_52583e083c9ab	appetite
376	trm_4a3fd79d09930	attentional state
377	trm_4a3fd79d09e35	consciousness
378	trm_4a3fd79d0b0b1	serial learning
379	trm_4a3fd79d096e3	abstract analogy
380	trm_4a3fd79d0b10e	skepticism
381	trm_557b478ce1c24	color recognition
382	trm_4a3fd79d0ab59	past tense
383	trm_4a3fd79d0b65a	emotion perception
384	trm_4a3fd79d09741	activation
385	trm_4a3fd79d0a281	explicit memory
386	trm_4a3fd79d0a87a	mechanical reasoning
387	trm_4a3fd79d0af4c	resource limit
388	trm_4a3fd79d09aed	auditory word comprehension
389	trm_4b6525253c63f	reward processing
390	trm_558c74156b7ee	phonological assembly
391	trm_4a3fd79d0affd	rule learning
392	trm_4a3fd79d0a1e8	episodic learning
393	trm_4a3fd79d0a64e	instrumental learning
394	trm_4a3fd79d0b9a1	edge detection
395	trm_4a3fd79d0a05b	declarative rule
396	trm_4a3fd79d0ae87	prototype
397	trm_4a3fd79d0ba6c	working memory retrieval
398	trm_4a3fd79d09c05	categorical clustering
399	trm_4a3fd79d0ad29	pragmatic reasoning
400	trm_4a3fd79d0b154	social intelligence
401	trm_4a3fd79d0a300	face perception
402	trm_5159c971bf444	effort valuation
403	trm_55e1b27f5655e	Surface dyslexia
404	trm_4fea1aeaa7b17	attentional blink
405	trm_4e31ced566649	multisensory integration
406	trm_4a3fd79d0a65a	integration
407	trm_4a3fd79d0b043	selective attention
408	trm_5029751d118c4	phototransduction
409	trm_4f4511e519b53	imagination
410	trm_523c7afe39f78	irritability
411	trm_4a3fd79d0a95a	mood
412	trm_4a3fd79d0aa00	navigation
413	trm_4a3fd79d09c97	chromatic contrast
414	trm_4a3fd79d0b306	surprise
415	trm_4a3fd79d0b967	recognition
416	trm_557b471bc6cd8	animacy decision
417	trm_4a3fd79d09de4	conceptual planning
418	trm_4a3fd79d09e87	context memory
419	trm_4a3fd79d0abcd	perceptual skill
420	trm_4a3fd79d0b6c5	discourse
421	trm_4a3fd79d0a483	habit
422	trm_4a3fd79d0b125	skill acquisition
423	trm_4a3fd79d0b285	stereotypes
424	trm_4a3fd79d0a30c	face recognition
425	trm_559f0a129c136	response bias
426	trm_5154a9f45903f	reception of facial communication
427	trm_4a3fd79d0b3ef	traumatic memory
428	trm_4a3fd79d0a7c7	lemma
429	trm_4a3fd79d0abc1	perceptual similarity
430	trm_4d21e9a7dd8ca	subconscious
431	trm_4a3fd79d0b279	stereopsis
432	trm_4a3fd79d09f2a	creative cognition
433	trm_4a3fd79d0aa0c	nociception
434	trm_523e0a4b443dc	rigidity
435	trm_4a3fd79d0b826	lexical processing
436	trm_5521a3da10349	positive priming
437	trm_557b4993a0fdd	reinforcement learning
438	trm_4a3fd79d09e7b	context dependent
439	trm_523e024c14df9	antisocial personality
440	trm_4a3fd79d09f70	cue dependent forgetting
441	trm_4a3fd79d0a7d4	lexical encoding
442	trm_4a3fd79d0b457	verbal memory
443	trm_4a3fd79d0b160	somatosensation
444	trm_4a3fd79d0b756	grammatical encoding
445	trm_4a3fd79d0a006	dative shift
446	trm_4f3bdeedcc99d	curiosity
447	trm_500d8626d0770	binocular rivalry
448	trm_4a3fd79d0b695	frustration
449	trm_4a3fd79d09a8f	auditory localization
450	trm_557b48f22ba99	numerical scale judgment
451	trm_50eb56a7867db	balance
452	trm_4a3fd79d0a43c	goal management
453	trm_4a3fd79d0ba25	central executive
454	trm_4a3fd79d097bf	altruistic motivation
455	trm_55c298bbe56d5	high energy density food recognition
456	trm_4a3fd79d09aa7	auditory memory
457	trm_4a3fd79d0af7d	retention
458	trm_4a3fd79d0b02c	schema
459	trm_4a3fd79d0b938	memory storage
460	trm_4a3fd79d0a1a2	emotional intelligence
461	trm_557b4b7176394	visual recognition
462	trm_557b4af7cc1cb	visual body recognition
463	trm_5159beaf80413	animacy perception
464	trm_4e89aebaa311d	priming
465	trm_4a3fd79d09d70	cognitive map
466	trm_5159c382bd8d4	circadian rhythm
467	trm_4a3fd79d09a3d	auditory coding
468	trm_4a3fd79d0a504	imageability
469	trm_52b5f1ef4f9cc	phonological processing
470	trm_4a3fd79d09af8	auditory word recognition
471	trm_4a3fd79d0a431	goal maintenance
472	trm_4a3fd79d0971e	acoustic processing
473	trm_4a3fd79d0ba54	rehearsal
474	trm_4a3fd79d0aac8	olfactory perception
475	trm_4a3fd79d097b4	altruism
476	trm_4a3fd79d0af71	response selection
477	trm_4a3fd79d09707	acoustic encoding
478	trm_4a3fd79d0a4a6	hallucination
479	trm_56006cb5a61ac	exogenous attention
480	trm_4a3fd79d09849	anticipation
481	trm_55ef3ba010121	vocal response execution
482	trm_4a3fd79d09b28	automaticity
483	trm_4a3fd79d0b59b	word repetition
484	trm_4f3a72a028d90	resource
485	trm_4a3fd79d09a84	auditory lexical access
486	trm_4a3fd79d09ee6	conversational skill
487	trm_4fa28299dbddd	deliberation
488	trm_4a3fd79d0a223	error trapping
489	trm_52583dceb345e	anhedonia
490	trm_4a3fd79d0a3f6	generic knowledge
491	trm_4a3fd79d0a84a	lying
492	trm_5159c94667677	reward valuation
493	trm_55ef153d47bc0	confidence judgment
494	trm_4a3fd79d098b2	assimilation
495	trm_525d8cd1c9cc3	sensory defensiveness
496	trm_5521a5f310604	associative priming
497	trm_4ee8facd77dfc	self control
498	trm_52068e5bd9aa1	restricted behavior
499	trm_5024002a85b1f	spontaneous recovery
500	trm_525c58f9aabae	perfectionism
501	trm_4a3fd79d0b9d1	figure ground reversal
502	trm_4a3fd79d0ad12	pragmatic inference
503	trm_4a3fd79d0ae2b	proper noun
504	trm_4a3fd79d0a1f4	episodic memory
505	trm_4a3fd79d09be2	body orientation
506	trm_4a3fd79d0ae58	prosodic stress
507	trm_4a3fd79d0b802	language processing
508	trm_4ffca95528c88	psychological refractory period
509	trm_4a3fd79d098bd	association
510	trm_4a3fd79d09b79	behavioral inhibition
511	trm_523ca7e778c50	internalizing
512	trm_4a3fd79d0aa5e	object categorization
513	trm_4a3fd79d0b2bf	subliminal perception
514	trm_50f382d7abdff	vestibular control
515	trm_4a3fd79d0a48e	habit learning
516	trm_4a3fd79d0a22f	excitation
517	trm_5159c80c1dd24	loss
518	trm_4a3fd79d0b5d7	attention shift
519	trm_50eb692db57eb	Locomotion
520	trm_4a3fd79d0b247	speech production
521	trm_4a3fd79d0a6d0	interrogative
522	trm_558c73324a6ca	intertemporal choice
523	trm_4a3fd79d0b238	speech processing
524	trm_558c7b707f606	left hand response execution
525	trm_4a3fd79d0b80f	lexical access
526	trm_4a3fd79d0b892	sentence comprehension
527	trm_4a3fd79d0a9dc	naming
528	trm_4a3fd79d09bee	capacity limitation
529	trm_4a3fd79d0b1f7	speech perception
530	trm_4a3fd79d09eaa	contrastive stress
531	trm_4a3fd79d09b9c	binocular convergence
532	trm_557b4891e9265	feature comparison
533	trm_523e053844495	social phobia
534	trm_4fe3861edc919	inattentional blindness
535	trm_4a3fd79d0a914	mental rotation
536	trm_4a3fd79d0b8e5	encoding
537	trm_4a3fd79d0b4c1	visual representation
538	trm_4a3fd79d09f59	crosstalk
539	trm_523ca883711cc	externalizing
540	trm_5519ba1746e95	perceptual priming
541	trm_5154b23a3156a	Production of non-facial communication
542	trm_4a3fd79d0a46b	gustatory memory
543	trm_4a3fd79d0b87a	semantic processing
544	trm_4aae62e4ad209	cognitive control
545	trm_5154b049c279f	Reception of non-facial communication
546	trm_4a3fd79d09dd9	conceptual coherence
547	trm_55b6b8e291dba	auditory arithmetic processing
548	trm_4a3fd79d0a769	language
549	trm_4a3fd79d0b46f	visual attention
550	trm_523c7ba79c2f1	lethargy
551	trm_4a3fd79d0a689	intentional forgetting
552	trm_4a3fd79d0b2a8	stress
553	trm_4a3fd79d09abe	auditory scene
554	trm_4a3fd79d0a86e	meaning
555	trm_557b4b7e68727	visual place recognition
556	trm_4a3fd79d0a937	metaphor
557	trm_4a3fd79d0a613	inhibition
558	trm_4fe39e4388409	interoception
559	trm_4a3fd79d0b8b5	active recall
560	trm_5521a2aa5b127	conceptual priming
561	trm_4a3fd79d0a04f	declarative memory
562	trm_4a3fd79d09804	analogical problem solving
563	trm_4a3fd79d09daa	competition
564	trm_557b491318742	oddball detection
565	trm_557b49ad14adf	response conflict
566	trm_565bce2791089	implicit learning
567	trm_4a3fd79d09b62	backward chaining
568	trm_4a3fd79d0b701	discourse production
569	trm_4a3fd79d0b7b5	illocutionary force
570	trm_558c74b165bb1	overt naming
571	trm_4a3fd79d0b06b	semantic category
572	trm_4a3fd79d0a6c5	internal speech
573	trm_502bdc6bdaa2b	lateral masking
574	trm_4a3fd79d0b665	emotion recognition
575	trm_4a3fd79d0a460	gustatory learning
576	trm_4fe9fae4321e7	difference threshold
577	trm_4a3fd79d09833	anchoring
578	trm_4a3fd79d09d35	cognitive development
579	trm_4a3fd79d0b09a	sensory memory
580	trm_4a3fd79d0a044	declarative knowledge
581	trm_4a3fd79d0ba19	articulatory loop
582	trm_557b4b154e0d9	visual face recognition
583	trm_557b4844ca14d	emotional reappraisal
584	trm_4e5badf095692	sense of ownership
585	trm_557b4acdee820	string maintenance
586	trm_4a3fd79d09a49	auditory encoding
587	trm_4a3fd79d09ab2	auditory perception
588	trm_4a3fd79d0afe6	routine
589	trm_4a3fd79d0b7f4	language acquisition
590	trm_4a3fd79d0a61f	inhibition of return
591	trm_4a3fd79d0aa6a	object centered representation
592	trm_4a3fd79d09947	attitude
593	trm_4a3fd79d0a145	efficiency
594	trm_4a3fd79d0a269	explicit knowledge
595	trm_4a3fd79d09e07	conditional reasoning
596	trm_56a2a4dbdf127	Motor Praxis
597	trm_55ef273a77a86	auditory tone perception
598	trm_4a3fd79d09902	attention
599	trm_4a3fd79d09f1e	coreference
600	trm_4a3fd79d0a381	focus
601	trm_502ad54c11389	visual orientation
602	trm_4a3fd79d098f7	attended stimulus
603	trm_4a3fd79d0b84a	orthography
604	trm_4a3fd79d09eb6	conventionality
605	trm_4a3fd79d0b1bd	spatial cognition
606	trm_551f0f822d95e	Limited Capacity
607	trm_4a3fd79d09735	action
608	trm_4a3fd79d0b6dd	discourse knowledge
609	trm_4a3fd79d09758	adaptation
610	trm_4a3fd79d09e9e	contingency learning
611	trm_4a3fd79d0ad4c	preconscious perception
612	trm_4a3fd79d0b55f	word generation
613	trm_4a3fd79d0a1b9	emotional mimicry
614	trm_4a3fd79d0ab9f	perceptual fluency
615	trm_4a3fd79d09c11	categorical knowledge
616	trm_4a3fd79d0a4ed	humor
617	trm_4a3fd79d09f12	coproduction
618	trm_55b6b910b4b23	right finger response execution
619	trm_557b4b3a6a34d	visual form recognition
620	trm_4a3fd79d0990e	attention capacity
621	trm_4a3fd79d0a318	facial expression
622	trm_51a690a7492eb	emotion regulation
623	trm_4a3fd79d0a38d	focused attention
624	trm_4a3fd79d098a6	articulatory rehearsal
625	trm_4a3fd79d0aff2	rule
626	trm_4fa295124a375	thought
627	trm_4a3fd79d0b363	taste aversion
628	trm_51a690eeadcb7	neuroplasticity
629	trm_4a3fd79d09e1e	conjunction search
630	trm_4a3fd79d0b3cb	top down processing
631	trm_4a3fd79d0ad41	preattentive processing
632	trm_4a3fd79d09c1c	categorical perception
633	trm_4a3fd79d0b4cd	visual search
634	trm_52583e8a46ded	suicidal ideation
635	trm_4a3fd79d0ab93	perceptual categorization
636	trm_4a3fd79d0aa8d	object manipulation
637	trm_4a3fd79d0a54b	inattention
638	trm_4a3fd79d0a81b	logical reasoning
639	trm_4a3fd79d0b1b2	spatial attention
640	trm_4a3fd79d0ae64	prosody
641	trm_4fe8edc62f613	extinction
642	trm_4a3fd79d09e93	contextual knowledge
643	trm_4a3fd79d0b6d1	discourse comprehension
644	trm_4a3fd79d0b0f7	short term memory
645	trm_500d8aef38f2c	vection
646	trm_4a3fd79d0b19b	source monitoring
647	trm_4a3fd79d0b996	echolocation
648	trm_510059e54b2cf	attentional bias
649	trm_4a3fd79d0a173	elaborative processing
650	trm_4a3fd79d0b5c0	action initiation
651	trm_4a3fd79d0b64e	risk seeking
652	trm_4a3fd79d0b58f	word recognition
653	trm_557b4aeaeb744	tool maintenance
654	trm_5534111a8bc96	punishment processing
655	trm_4f46753b8be4f	worldview
656	trm_4a3fd79d0a7ec	lexicon
657	trm_4a3fd79d0b2fa	supervisory attentional system
658	trm_4a3fd79d0adc3	procedural knowledge
659	trm_4a3fd79d0b1e0	spatial working memory
660	trm_4a3fd79d0ac61	phonological buffer
661	trm_4a3fd79d0abb6	perceptual learning
662	trm_4a3fd79d0b0df	shallow processing
663	trm_52583e52d5e7a	fatigue
664	trm_4f4672db34a46	self talk
665	trm_4a3fd79d0ba30	maintenance
666	trm_4a3fd79d0b8f0	episodic buffer
667	trm_4a3fd79d0a72e	kinaesthetic representation
668	trm_4a3fd79d0b583	word pronunciation
669	trm_5524572b66764	feature-based attention
670	trm_4a3fd79d0b429	valence
671	trm_557b4b652cbec	visual pattern recognition
672	trm_4a3fd79d0a7e0	lexical retrieval
673	trm_5519b80525e89	stimulus detection
674	trm_4e6127bd91be9	pain habituation
675	trm_4a3fd79d0b037	search
676	trm_4a3fd79d0a038	decision making
677	trm_557b495cdde57	potential monetary reward
678	trm_4a3fd79d0b83e	morphology
679	trm_4a3fd79d0a642	instrumental conditioning
680	trm_4a3fd79d0b8fc	familiarity
681	trm_4a3fd79d0a92b	metacognitive skill
682	trm_4a3fd79d0a723	judgment
683	trm_4a3fd79d0adcf	procedural learning
684	trm_557b4a913f8cc	risk processing
685	trm_4a3fd79d09dc1	concept learning
686	trm_4a3fd79d0b56b	word order
687	trm_4a3fd79d0ad94	primary memory
688	trm_4a3fd79d0aed8	relational learning
689	trm_4b185801de7a1	echoic memory
690	trm_4a3fd79d098eb	attended channel
691	trm_4a3fd79d0aeaa	quantitative skill
692	trm_4a3fd79d0aa2f	nondeclarative memory
693	trm_4a3fd79d0b920	memory consolidation
694	trm_55ce70b20186b	detection
695	trm_4a3fd79d0a6f4	introspection
696	trm_55ef1fd2bc418	visual string recognition
697	trm_4a3fd79d0989a	articulatory planning
698	trm_4a3fd79d0b81b	lexical ambiguity
699	trm_4a3fd79d09d64	cognitive load
700	trm_557b4b05ae470	visual color discrimination
701	trm_4a3fd79d097d6	amodal representation
702	trm_4a3fd79d0a510	imagery
703	trm_4b7c270940f9d	behavioral inhibition (cognitive)
704	trm_4a3fd79d0a35e	fixation
705	trm_4a3fd79d0a0ad	desire
706	trm_4a3fd79d0a0f3	distraction
707	trm_4a3fd79d0a425	goal formation
708	trm_553967f006b70	shape recognition
709	trm_4a3fd79d09d9e	communication
710	trm_559f0986182cc	visual object maintenance
711	trm_4a3fd79d0ba48	phonological loop
712	trm_557b477b4a15f	body maintenance
713	trm_4a3fd79d09877	appetitive motivation
714	trm_4a3fd79d09713	acoustic phonetic processing
715	trm_5521a6bc4db33	kindness priming
716	trm_557b4bb7cf05b	word maintenance
717	trm_4a3fd79d09efb	conversational structure
718	trm_55c6f87595b39	face maintenance
719	trm_4a3fd79d0b2b4	sublexical route
720	trm_557b4b8cd05ca	visual tool recognition
721	trm_4a3fd79d09b10	autobiographical memory
722	trm_4a3fd79d0a4e1	humiliation
723	trm_4a3fd79d0a10a	divergent thinking
724	trm_552185f5cda66	Object-based attention
725	trm_55c6f58e77fbe	story comprehension
726	trm_4a3fd79d0a4be	heuristic search
727	trm_4a3fd79d0a0a1	depth perception
728	trm_4a3fd79d0a0ff	distributed coding
729	trm_4a3fd79d09953	audiovisual perception
730	trm_4a3fd79d0a352	filtering
731	trm_4a3fd79d0a218	error signal
732	trm_4b7c27094a093	behavioral inhibition (temperament)
733	trm_4a3fd79d09c5b	causal inference
734	trm_4a3fd79d098e0	attachment
735	trm_5154aa9735134	Productive facial communication
736	trm_4a3fd79d0aa23	nondeclarative knowledge
737	trm_4a3fd79d0b92c	memory decay
738	trm_4a3fd79d0995e	audition
739	trm_4a3fd79d09ef0	conversational speech
740	trm_4a3fd79d09a9b	auditory masking
741	trm_4a3fd79d0a533	implicit memory
742	trm_567982752ff4a	decision under uncertainty
743	trm_4a3fd79d09b1c	autobiographical recall
744	trm_4a3fd79d09b85	belief
745	trm_4a3fd79d0b89e	sentence processing
746	trm_4a3fd79d097cb	alveolar
747	trm_55b6b96e77df6	left toe response execution
748	trm_4fea09fac5316	color constancy
749	trm_5358ede949107	conflict adaptation effect
750	trm_4a3fd79d09d93	color perception
751	trm_4a3fd79d0b4d8	visual working memory
752	trm_5519b92bde7dc	visual localization
753	trm_4a3fd79d0a196	emotional expression
754	trm_4e416f1373936	tactile working memory
755	trm_525d8f3ed78a2	noise sensitivity
756	trm_4a3fd79d0a67d	intention
757	trm_4a3fd79d0b11a	skill
758	trm_4e31d2241319f	crossmodal
759	trm_4a3fd79d0b392	theory of mind
760	trm_551f11bb8f6a8	Interference Control
761	trm_4a3fd79d0afab	retroactive interference
762	trm_4a3fd79d0ac30	performance monitoring
763	trm_4a3fd79d0adf4	processing capacity
764	trm_4a3fd79d0ab4d	passive attention
765	trm_5521a51034353	Semantic priming
766	trm_4a3fd79d0ab42	parsing
767	trm_4e5506161998c	interoceptive representation
768	trm_4a3fd79d0b1a6	spatial ability
769	trm_50aff037c389f	trait anxiety
770	trm_523e0419ec219	obsession
771	trm_4a3fd79d0b6a1	grief
772	trm_5240fddc2e43e	phonological awareness
773	trm_4a3fd79d0b49e	visual memory
774	trm_4a3fd79d09f42	creative thinking
775	trm_4a3fd79d09a6c	auditory imagery
776	trm_4a3fd79d0b8cd	consolidation
777	trm_4b75ed06c917d	joint attention
778	trm_4a3fd79d0b39d	thermosensation
779	trm_5159c00c3dac3	action perception
780	trm_4a3fd79d0b4b5	visual perception
781	trm_5521a7a1376ed	negative priming
782	trm_4a3fd79d0b077	semantic knowledge
783	trm_4a3fd79d09aca	auditory scene analysis
784	trm_502c343d20523	lexeme
785	trm_557b4add1837e	task difficulty
786	trm_55b6b98b88f45	tongue response execution
787	trm_4a3fd79d0b6ad	happiness
788	trm_557b4904ee26d	object maintenance
789	trm_4a3fd79d0a972	motor control
790	trm_523f5ee64102c	agreeableness
791	trm_4a3fd79d0b8c1	active retrieval
792	trm_4a3fd79d09f4d	critical period
793	trm_4a3fd79d0b492	visual masking
794	trm_4a3fd79d0b972	reconsolidation
795	trm_4a3fd79d0a9e8	narrative
796	trm_4a3fd79d0ae3d	proprioception
797	trm_4a3fd79d09bcb	bitterness
798	trm_557b474e2b578	auditory tone detection
